<?xml version="1.0" encoding="UTF-8"?><?xml-stylesheet type='text/xsl' href='_UpgradeReport_Files/UpgradeReport.xslt'?><UpgradeLog>
<Properties><Property Name="Solution" Value="Zebrone_keygen">
</Property><Property Name="Solution File" Value="K:\_Cracken\Crackmes\Solucionados\Zebrone\keygen2010\Zebrone_keygen\Zebrone_keygen.sln">
</Property><Property Name="User Options File" Value="K:\_Cracken\Crackmes\Solucionados\Zebrone\keygen2010\Zebrone_keygen\Zebrone_keygen.suo">
</Property><Property Name="Date" Value="martes, 07 de octubre de 2014">
</Property><Property Name="Time" Value="22:58">
</Property></Properties><Event ErrorLevel="0" Project="" Source="Zebrone_keygen.sln" Description="File successfully backed up as K:\_Cracken\Crackmes\Solucionados\Zebrone\keygen2010\Zebrone_keygen\Backup\Zebrone_keygen.sln">
</Event><Event ErrorLevel="0" Project="" Source="Zebrone_keygen.suo" Description="File successfully backed up as K:\_Cracken\Crackmes\Solucionados\Zebrone\keygen2010\Zebrone_keygen\Backup\Zebrone_keygen.suo">
</Event><Event ErrorLevel="0" Project="Zebrone_keygen" Source="Zebrone_keygen.vbproj" Description="Project file successfully backed up as K:\_Cracken\Crackmes\Solucionados\Zebrone\keygen2010\Zebrone_keygen\Backup\Zebrone_keygen.vbproj">
</Event><Event ErrorLevel="0" Project="Zebrone_keygen" Source="Zebrone_keygen.vbproj.user" Description="Project user file successfully backed up as K:\_Cracken\Crackmes\Solucionados\Zebrone\keygen2010\Zebrone_keygen\Backup\Zebrone_keygen.vbproj.user">
</Event><Event ErrorLevel="0" Project="Zebrone_keygen" Source="Form1.vb" Description="File successfully backed up as K:\_Cracken\Crackmes\Solucionados\Zebrone\keygen2010\Zebrone_keygen\Backup\Form1.vb">
</Event><Event ErrorLevel="0" Project="Zebrone_keygen" Source="Form1.Designer.vb" Description="File successfully backed up as K:\_Cracken\Crackmes\Solucionados\Zebrone\keygen2010\Zebrone_keygen\Backup\Form1.Designer.vb">
</Event><Event ErrorLevel="0" Project="Zebrone_keygen" Source="My Project\AssemblyInfo.vb" Description="File successfully backed up as K:\_Cracken\Crackmes\Solucionados\Zebrone\keygen2010\Zebrone_keygen\Backup\My Project\AssemblyInfo.vb">
</Event><Event ErrorLevel="0" Project="Zebrone_keygen" Source="My Project\Application.Designer.vb" Description="File successfully backed up as K:\_Cracken\Crackmes\Solucionados\Zebrone\keygen2010\Zebrone_keygen\Backup\My Project\Application.Designer.vb">
</Event><Event ErrorLevel="0" Project="Zebrone_keygen" Source="My Project\Resources.Designer.vb" Description="File successfully backed up as K:\_Cracken\Crackmes\Solucionados\Zebrone\keygen2010\Zebrone_keygen\Backup\My Project\Resources.Designer.vb">
</Event><Event ErrorLevel="0" Project="Zebrone_keygen" Source="My Project\Settings.Designer.vb" Description="File successfully backed up as K:\_Cracken\Crackmes\Solucionados\Zebrone\keygen2010\Zebrone_keygen\Backup\My Project\Settings.Designer.vb">
</Event><Event ErrorLevel="0" Project="Zebrone_keygen" Source="My Project\Application.myapp" Description="File successfully backed up as K:\_Cracken\Crackmes\Solucionados\Zebrone\keygen2010\Zebrone_keygen\Backup\My Project\Application.myapp">
</Event><Event ErrorLevel="0" Project="Zebrone_keygen" Source="My Project\Settings.settings" Description="File successfully backed up as K:\_Cracken\Crackmes\Solucionados\Zebrone\keygen2010\Zebrone_keygen\Backup\My Project\Settings.settings">
</Event><Event ErrorLevel="0" Project="Zebrone_keygen" Source="Form1.resx" Description="File successfully backed up as K:\_Cracken\Crackmes\Solucionados\Zebrone\keygen2010\Zebrone_keygen\Backup\Form1.resx">
</Event><Event ErrorLevel="0" Project="Zebrone_keygen" Source="My Project\Resources.resx" Description="File successfully backed up as K:\_Cracken\Crackmes\Solucionados\Zebrone\keygen2010\Zebrone_keygen\Backup\My Project\Resources.resx">
</Event><Event ErrorLevel="0" Project="Zebrone_keygen" Source="Zebrone_keygen.vbproj" Description="Project converted successfully">
</Event><Event ErrorLevel="3" Project="Zebrone_keygen" Source="Zebrone_keygen.vbproj" Description="Converted">
</Event><Event ErrorLevel="0" Project="" Source="Zebrone_keygen.sln" Description="Solution converted successfully">
</Event><Event ErrorLevel="3" Project="" Source="Zebrone_keygen.sln" Description="Converted">
</Event><Event ErrorLevel="0" Project="Zebrone_keygen" Source="Zebrone_keygen.vbproj" Description="Scan complete: Upgrade not required for project files.">
</Event></UpgradeLog>